index,IC50_72hrs
1 , 0.565861729578
2 , 0.417705179391
4 , 0.620421946805
6 , 1.30453205598
8 , 0.981213819037
9 , 1.5367572789
10 , 1.07565397813
12 , 0.870206404228
16 , 0.648892059553
19 , 1.08924368955
21 , 0.745441853299
22 , 0.697171973586
25 , 0.829390117091
27 , 0.715671472694
41 , 0.734666649165
55 , 1.20559145675
56 , 0.595274322279
134 , 0.335486585081
135 , 0.503904438976
136 , 0.724544302744
