index,IC50_72hrs
1 , 0.586335286751
2 , 0.444914505872
4 , 0.603995791693
6 , 1.33577348853
8 , 0.956922222552
9 , 1.54420316849
10 , 1.04220774792
12 , 0.884461274037
16 , 0.660177626387
19 , 1.08839539792
21 , 0.681430326208
22 , 0.699650030243
25 , 0.853169661308
27 , 0.756151060195
41 , 0.736164387
55 , 1.2464221768
56 , 0.610640318877
134 , 0.331011085156
135 , 0.503904438976
136 , 0.797858209734
